"category","question_text","correct_option","wrong_option_1","wrong_option_2","explanation"
"M2","A dictionary that explains English words using only English is a:","Monolingual dictionary","Bilingual dictionary","Thesaurus","အင်္ဂလိပ်စကားလုံးတွေကို အင်္ဂလိပ်လိုပဲ အဓိပ္ပာယ်ပြန်လည်ရှင်းပြထားတဲ့ အဘိဓာန်ကို Monolingual dictionary လို့ခေါ်ပါတယ်။"
"M2","If a student wants to read a definition in English rather than a translation, they should use a:","Monolingual dictionary","Bilingual dictionary","Thesaurus","အင်္ဂလိပ်စကားလုံးတွေကို အင်္ဂလိပ်လိုပဲ အဓိပ္ပာယ်ပြန်လည်ရှင်းပြထားတဲ့ အဘိဓာန်ကို Monolingual dictionary လို့ခေါ်ပါတယ်။"
"M2","Why might an advanced learner prefer a monolingual dictionary?","Because it immerses them in English definitions and synonyms.","Because it translates to their L1.","Because it has pictures only.","အင်္ဂလိပ်စကားလုံးတွေကို အင်္ဂလိပ်လိုပဲ အဓိပ္ပာယ်ပြန်လည်ရှင်းပြထားတဲ့ အဘိဓာန်ကို Monolingual dictionary လို့ခေါ်ပါတယ်။"
"M2","A dictionary that translates words from English into the learner's mother tongue is a:","Bilingual dictionary","Monolingual dictionary","Corpus","ကျောင်းသားရဲ့ မိခင်ဘာသာစကား (ဥပမာ - မြန်မာ) လို တိုက်ရိုက်ဘာသာပြန်ပေးတဲ့ အဘိဓာန်ကို Bilingual dictionary လို့ခေါ်ပါတယ်။"
"M2","A dictionary that directly matches an English word to a word in the student's mother tongue is a:","Bilingual dictionary","Monolingual dictionary","Corpus","ကျောင်းသားရဲ့ မိခင်ဘာသာစကား (ဥပမာ - မြန်မာ) လို တိုက်ရိုက်ဘာသာပြန်ပေးတဲ့ အဘိဓာန်ကို Bilingual dictionary လို့ခေါ်ပါတယ်။"
"M2","Identify the resource: A dictionary that translates words from English into the learner's mother tongue is a:","Bilingual dictionary","Monolingual dictionary","Corpus","ကျောင်းသားရဲ့ မိခင်ဘာသာစကား (ဥပမာ - မြန်မာ) လို တိုက်ရိုက်ဘာသာပြန်ပေးတဲ့ အဘိဓာန်ကို Bilingual dictionary လို့ခေါ်ပါတယ်။"
"M2","A book that lists words in groups of synonyms and antonyms rather than alphabetically is a:","Thesaurus","Corpus","Learner dictionary","အဓိပ္ပာယ်တူ၊ ဆန့်ကျင်ဘက် စကားလုံးတွေကို အုပ်စုလိုက် စုစည်းပေးထားတဲ့ စာအုပ်ကို Thesaurus လို့ခေါ်ပါတယ်။ (ဝေါဟာရကြွယ်ဝဖို့ သုံးပါတယ်)"
"M2","To find five different words that mean 'happy', a student should look in a:","Thesaurus","Corpus","Learner dictionary","အဓိပ္ပာယ်တူ၊ ဆန့်ကျင်ဘက် စကားလုံးတွေကို အုပ်စုလိုက် စုစည်းပေးထားတဲ့ စာအုပ်ကို Thesaurus လို့ခေါ်ပါတယ်။ (ဝေါဟာရကြွယ်ဝဖို့ သုံးပါတယ်)"
"M2","Identify the resource: A book that lists words in groups of synonyms and antonyms rather than alphabetically is a:","Thesaurus","Corpus","Learner dictionary","အဓိပ္ပာယ်တူ၊ ဆန့်ကျင်ဘက် စကားလုံးတွေကို အုပ်စုလိုက် စုစည်းပေးထားတဲ့ စာအုပ်ကို Thesaurus လို့ခေါ်ပါတယ်။ (ဝေါဟာရကြွယ်ဝဖို့ သုံးပါတယ်)"
"M2","A database of real-life language showing how words are actually used in context is a:","Corpus / Concordancer","Thesaurus","Grammar book","လူတွေတကယ်သုံးနေတဲ့ စာသား/စကားပြောတွေကို ကွန်ပျူတာနဲ့ စုဆောင်းထားပြီး ဘယ်စကားလုံးတွေ တွဲသုံးလေ့ရှိလဲ (Collocation) ကို ရှာကြည့်နိုင်တဲ့ စနစ်ကို Corpus လို့ခေါ်ပါတယ်။"
"M2","A teacher wants to see exactly how frequently native speakers use the phrase 'make a mistake'. They should check a:","Corpus / Concordancer","Thesaurus","Grammar book","လူတွေတကယ်သုံးနေတဲ့ စာသား/စကားပြောတွေကို ကွန်ပျူတာနဲ့ စုဆောင်းထားပြီး ဘယ်စကားလုံးတွေ တွဲသုံးလေ့ရှိလဲ (Collocation) ကို ရှာကြည့်နိုင်တဲ့ စနစ်ကို Corpus လို့ခေါ်ပါတယ်။"
"M2","Identify the resource: A database of real-life language showing how words are actually used in context is a:","Corpus / Concordancer","Thesaurus","Grammar book","လူတွေတကယ်သုံးနေတဲ့ စာသား/စကားပြောတွေကို ကွန်ပျူတာနဲ့ စုဆောင်းထားပြီး ဘယ်စကားလုံးတွေ တွဲသုံးလေ့ရှိလဲ (Collocation) ကို ရှာကြည့်နိုင်တဲ့ စနစ်ကို Corpus လို့ခေါ်ပါတယ်။"
"M2","Where can a teacher find the written text of the audio tracks used in the coursebook?","In the tapescripts (usually in the Teacher's Book)","In the workbook","In a dictionary","နားထောင်ရတဲ့ အသံဖိုင် (Audio) ထဲက စကားပြောတွေကို စာသားအနေနဲ့ အတိအကျ ပြန်ရေးထားတာကို Tapescripts လို့ခေါ်ပါတယ်။"
"M2","Which resource provides the teacher with the answer key and suggested warmers for the coursebook unit?","In the tapescripts (usually in the Teacher's Book)","In the workbook","In a dictionary","နားထောင်ရတဲ့ အသံဖိုင် (Audio) ထဲက စကားပြောတွေကို စာသားအနေနဲ့ အတိအကျ ပြန်ရေးထားတာကို Tapescripts လို့ခေါ်ပါတယ်။"
"M2","Which concept is this? Where can a teacher find the written text of the audio tracks used in the coursebook?","In the tapescripts (usually in the Teacher's Book)","In the workbook","In a dictionary","နားထောင်ရတဲ့ အသံဖိုင် (Audio) ထဲက စကားပြောတွေကို စာသားအနေနဲ့ အတိအကျ ပြန်ရေးထားတာကို Tapescripts လို့ခေါ်ပါတယ်။"
"M2","A resource specifically designed to give teachers answers, methodology tips, and extra activities is the:","Teacher's Book","Coursebook","Supplementary workbook","ဆရာတွေအတွက် အဖြေမှန်တွေ၊ သင်ကြားနည်း အကြံပြုချက်တွေနဲ့ အပိုလေ့ကျင့်ခန်းတွေ ပါဝင်တဲ့ စာအုပ်က Teacher's Book ဖြစ်ပါတယ်။"
"M2","Which resource provides the teacher with the answer key and suggested warmers for the coursebook unit?","Teacher's Book","Coursebook","Supplementary workbook","ဆရာတွေအတွက် အဖြေမှန်တွေ၊ သင်ကြားနည်း အကြံပြုချက်တွေနဲ့ အပိုလေ့ကျင့်ခန်းတွေ ပါဝင်တဲ့ စာအုပ်က Teacher's Book ဖြစ်ပါတယ်။"
"M2","Identify the resource: A resource specifically designed to give teachers answers, methodology tips, and extra activities is the:","Teacher's Book","Coursebook","Supplementary workbook","ဆရာတွေအတွက် အဖြေမှန်တွေ၊ သင်ကြားနည်း အကြံပြုချက်တွေနဲ့ အပိုလေ့ကျင့်ခန်းတွေ ပါဝင်တဲ့ စာအုပ်က Teacher's Book ဖြစ်ပါတယ်။"
"M2","Materials created for native speakers in real life, not for language teaching, are called:","Authentic materials","Graded materials","Supplementary materials","ဘာသာစကားသင်ဖို့ ရည်ရွယ်ထုတ်ထားတာမဟုတ်ဘဲ လက်တွေ့ဘဝမှာ တကယ်သုံးဖို့ထုတ်ထားတဲ့ အရာတွေ (ဥပမာ - သတင်းစာ၊ မီနူး) ကို Authentic materials လို့ခေါ်ပါတယ်။"
"M2","A teacher brings in a real English newspaper for an advanced reading class. The newspaper is an example of:","Authentic materials","Graded materials","Supplementary materials","ဘာသာစကားသင်ဖို့ ရည်ရွယ်ထုတ်ထားတာမဟုတ်ဘဲ လက်တွေ့ဘဝမှာ တကယ်သုံးဖို့ထုတ်ထားတဲ့ အရာတွေ (ဥပမာ - သတင်းစာ၊ မီနူး) ကို Authentic materials လို့ခေါ်ပါတယ်။"
"M2","A restaurant menu, a bus ticket, and a local weather report are all examples of:","Authentic materials","Graded materials","Supplementary materials","ဘာသာစကားသင်ဖို့ ရည်ရွယ်ထုတ်ထားတာမဟုတ်ဘဲ လက်တွေ့ဘဝမှာ တကယ်သုံးဖို့ထုတ်ထားတဲ့ အရာတွေ (ဥပမာ - သတင်းစာ၊ မီနူး) ကို Authentic materials လို့ခေါ်ပါတယ်။"
"M2","Which of the following is an example of an authentic material?","A train timetable from London.","A reading passage in an English textbook.","A grammar gap-fill worksheet.","ဘာသာစကားသင်ဖို့ ရည်ရွယ်ထုတ်ထားတာမဟုတ်ဘဲ လက်တွေ့ဘဝမှာ တကယ်သုံးဖို့ထုတ်ထားတဲ့ အရာတွေ (ဥပမာ - သတင်းစာ၊ မီနူး) ကို Authentic materials လို့ခေါ်ပါတယ်။"
"M2","Which statement applies? Which of the following is an example of an authentic material?","A train timetable from London.","A reading passage in an English textbook.","A grammar gap-fill worksheet.","ဘာသာစကားသင်ဖို့ ရည်ရွယ်ထုတ်ထားတာမဟုတ်ဘဲ လက်တွေ့ဘဝမှာ တကယ်သုံးဖို့ထုတ်ထားတဲ့ အရာတွေ (ဥပမာ - သတင်းစာ၊ မီနူး) ကို Authentic materials လို့ခေါ်ပါတယ်။"
"M2","Which concept is this? Which of the following is an example of an authentic material?","A train timetable from London.","A reading passage in an English textbook.","A grammar gap-fill worksheet.","ဘာသာစကားသင်ဖို့ ရည်ရွယ်ထုတ်ထားတာမဟုတ်ဘဲ လက်တွေ့ဘဝမှာ တကယ်သုံးဖို့ထုတ်ထားတဲ့ အရာတွေ (ဥပမာ - သတင်းစာ၊ မီနူး) ကို Authentic materials လို့ခေါ်ပါတယ်။"
"M2","Books that are specially written or simplified for English learners at different levels are:","Graded readers","Authentic books","Corpora","ကျောင်းသားတွေရဲ့ အဆင့် (Level) အလိုက် ဝေါဟာရနဲ့ သဒ္ဒါကို လွယ်ကူအောင် ပြင်ဆင်ရေးသားထားတဲ့ ဖတ်စာအုပ်တွေကို Graded readers လို့ခေါ်ပါတယ်။"
"M2","A classic novel like 'Dracula' rewritten using only 500 basic English words is called a:","Graded readers","Authentic books","Corpora","ကျောင်းသားတွေရဲ့ အဆင့် (Level) အလိုက် ဝေါဟာရနဲ့ သဒ္ဒါကို လွယ်ကူအောင် ပြင်ဆင်ရေးသားထားတဲ့ ဖတ်စာအုပ်တွေကို Graded readers လို့ခေါ်ပါတယ်။"
"M2","To encourage extensive reading for pleasure, teachers often use books adjusted to the learners' level, known as:","Graded readers","Authentic books","Corpora","ကျောင်းသားတွေရဲ့ အဆင့် (Level) အလိုက် ဝေါဟာရနဲ့ သဒ္ဒါကို လွယ်ကူအောင် ပြင်ဆင်ရေးသားထားတဲ့ ဖတ်စာအုပ်တွေကို Graded readers လို့ခေါ်ပါတယ်။"
"M2","Why might a teacher use a graded reader instead of an authentic novel?","Because the language is adjusted to match the learners' current level.","Because it has no pictures.","Because it teaches L1 translation.","ကျောင်းသားတွေရဲ့ အဆင့် (Level) အလိုက် ဝေါဟာရနဲ့ သဒ္ဒါကို လွယ်ကူအောင် ပြင်ဆင်ရေးသားထားတဲ့ ဖတ်စာအုပ်တွေကို Graded readers လို့ခေါ်ပါတယ်။"
"M2","Which statement applies? The reason might a teacher use a graded reader instead of an authentic novel?","Because the language is adjusted to match the learners' current level.","Because it has no pictures.","Because it teaches L1 translation.","ကျောင်းသားတွေရဲ့ အဆင့် (Level) အလိုက် ဝေါဟာရနဲ့ သဒ္ဒါကို လွယ်ကူအောင် ပြင်ဆင်ရေးသားထားတဲ့ ဖတ်စာအုပ်တွေကို Graded readers လို့ခေါ်ပါတယ်။"
"M2","Which concept is this? Why might a teacher use a graded reader instead of an authentic novel?","Because the language is adjusted to match the learners' current level.","Because it has no pictures.","Because it teaches L1 translation.","ကျောင်းသားတွေရဲ့ အဆင့် (Level) အလိုက် ဝေါဟာရနဲ့ သဒ္ဒါကို လွယ်ကူအောင် ပြင်ဆင်ရေးသားထားတဲ့ ဖတ်စာအုပ်တွေကို Graded readers လို့ခေါ်ပါတယ်။"
"M2","What is a major benefit of using authentic materials in the classroom?","They show language as it is naturally used in real life.","They are always very easy to read.","They focus strictly on grammar rules.","Authentic materials တွေဟာ ပြင်ပကမ္ဘာမှာ တကယ်သုံးနေတဲ့ သဘာဝကျတဲ့ အင်္ဂလိပ်စာကို ထိတွေ့ခွင့်ရစေပါတယ်။"
"M2","Which statement applies? The thing is a major benefit of using authentic materials in the classroom?","They show language as it is naturally used in real life.","They are always very easy to read.","They focus strictly on grammar rules.","Authentic materials တွေဟာ ပြင်ပကမ္ဘာမှာ တကယ်သုံးနေတဲ့ သဘာဝကျတဲ့ အင်္ဂလိပ်စာကို ထိတွေ့ခွင့်ရစေပါတယ်။"
"M2","Which concept is this? What is a major benefit of using authentic materials in the classroom?","They show language as it is naturally used in real life.","They are always very easy to read.","They focus strictly on grammar rules.","Authentic materials တွေဟာ ပြင်ပကမ္ဘာမှာ တကယ်သုံးနေတဲ့ သဘာဝကျတဲ့ အင်္ဂလိပ်စာကို ထိတွေ့ခွင့်ရစေပါတယ်။"
"M2","Extra materials brought in by the teacher to add to the coursebook are called:","Supplementary materials","Realia","Authentic materials","ပြဋ္ဌာန်းစာအုပ်မှာ မပါတဲ့/မလုံလောက်တဲ့ အပိုင်းတွေအတွက် ပြင်ပကနေ ဆရာ ဖြည့်စွက်ယူလာတဲ့ လေ့ကျင့်ခန်း၊ စာရွက်စာတမ်းတွေကို Supplementary materials လို့ခေါ်ပါတယ်။"
"M2","Materials that are not in the official coursebook but are brought in to give extra practice are:","Supplementary materials","Realia","Authentic materials","ပြဋ္ဌာန်းစာအုပ်မှာ မပါတဲ့/မလုံလောက်တဲ့ အပိုင်းတွေအတွက် ပြင်ပကနေ ဆရာ ဖြည့်စွက်ယူလာတဲ့ လေ့ကျင့်ခန်း၊ စာရွက်စာတမ်းတွေကို Supplementary materials လို့ခေါ်ပါတယ်။"
"M2","When a teacher prints an online grammar quiz because the book lacks practice, the quiz is:","Supplementary materials","Realia","Authentic materials","ပြဋ္ဌာန်းစာအုပ်မှာ မပါတဲ့/မလုံလောက်တဲ့ အပိုင်းတွေအတွက် ပြင်ပကနေ ဆရာ ဖြည့်စွက်ယူလာတဲ့ လေ့ကျင့်ခန်း၊ စာရွက်စာတမ်းတွေကို Supplementary materials လို့ခေါ်ပါတယ်။"
"M2","If a teacher changes a reading text by rewriting it with simpler vocabulary, they are:","Simplifying the material","Extending the material","Reordering the material","စာပိုဒ်ကို ပိုလွယ်ကူတဲ့ စကားလုံးတွေ သဒ္ဒါတွေနဲ့ အစားထိုး ပြင်ဆင်ရေးသားတာကို Simplifying လို့ခေါ်ပါတယ်။"
"M2","When a teacher rewrites a complex paragraph into shorter, easier sentences, this process is called:","Simplifying the material","Extending the material","Reordering the material","စာပိုဒ်ကို ပိုလွယ်ကူတဲ့ စကားလုံးတွေ သဒ္ဒါတွေနဲ့ အစားထိုး ပြင်ဆင်ရေးသားတာကို Simplifying လို့ခေါ်ပါတယ်။"
"M2","Identify the resource: If a teacher changes a reading text by rewriting it with simpler vocabulary, they are:","Simplifying the material","Extending the material","Reordering the material","စာပိုဒ်ကို ပိုလွယ်ကူတဲ့ စကားလုံးတွေ သဒ္ဒါတွေနဲ့ အစားထိုး ပြင်ဆင်ရေးသားတာကို Simplifying လို့ခေါ်ပါတယ်။"
"M2","If a teacher adds a speaking role-play to the end of a reading text, they are:","Extending the material","Simplifying the material","Omitting the material","မူလလေ့ကျင့်ခန်းမှာ မပါတဲ့ နောက်ဆက်တွဲ လေ့ကျင့်ခန်းတစ်ခု (ဥပမာ - စာဖတ်ပြီး စကားပြောခိုင်းတာ) ကို ထပ်ဖြည့်တာကို Extending လို့ခေါ်ပါတယ်။"
"M2","Adding an extra speaking task that wasn't in the original coursebook exercise is called:","Extending the material","Simplifying the material","Omitting the material","မူလလေ့ကျင့်ခန်းမှာ မပါတဲ့ နောက်ဆက်တွဲ လေ့ကျင့်ခန်းတစ်ခု (ဥပမာ - စာဖတ်ပြီး စကားပြောခိုင်းတာ) ကို ထပ်ဖြည့်တာကို Extending လို့ခေါ်ပါတယ်။"
"M2","Identify the resource: If a teacher adds a speaking role-play to the end of a reading text, they are:","Extending the material","Simplifying the material","Omitting the material","မူလလေ့ကျင့်ခန်းမှာ မပါတဲ့ နောက်ဆက်တွဲ လေ့ကျင့်ခန်းတစ်ခု (ဥပမာ - စာဖတ်ပြီး စကားပြောခိုင်းတာ) ကို ထပ်ဖြည့်တာကို Extending လို့ခေါ်ပါတယ်။"
"M2","If a teacher decides to do exercise 4 before exercise 1 in the coursebook, they are:","Reordering the material","Omitting the material","Replacing the material","ပြဋ္ဌာန်းစာအုပ်မှာ ပါတဲ့ အစဉ်လိုက်မဟုတ်ဘဲ သင်ခန်းစာအစီအစဉ်ကို ကိုယ့်စိတ်ကြိုက် ပြောင်းလဲသင်ကြားတာကို Reordering လို့ခေါ်ပါတယ်။"
"M2","Doing the last activity on the page first because it fits the lesson flow better is called:","Reordering the material","Omitting the material","Replacing the material","ပြဋ္ဌာန်းစာအုပ်မှာ ပါတဲ့ အစဉ်လိုက်မဟုတ်ဘဲ သင်ခန်းစာအစီအစဉ်ကို ကိုယ့်စိတ်ကြိုက် ပြောင်းလဲသင်ကြားတာကို Reordering လို့ခေါ်ပါတယ်။"
"M2","Identify the resource: If a teacher decides to do exercise 4 before exercise 1 in the coursebook, they are:","Reordering the material","Omitting the material","Replacing the material","ပြဋ္ဌာန်းစာအုပ်မှာ ပါတဲ့ အစဉ်လိုက်မဟုတ်ဘဲ သင်ခန်းစာအစီအစဉ်ကို ကိုယ့်စိတ်ကြိုက် ပြောင်းလဲသင်ကြားတာကို Reordering လို့ခေါ်ပါတယ်။"
"M2","When selecting supplementary materials, a teacher must primarily consider:","The learners' age, level, and needs.","How colorful the paper is.","If it is authentic or not.","ပြင်ပလေ့ကျင့်ခန်းတွေ ရွေးချယ်တဲ့အခါ ကျောင်းသားရဲ့ အသက်အရွယ်၊ လက်ရှိအဆင့် (Level) နဲ့ လိုအပ်ချက်တွေကို အဓိကထား စဉ်းစားရပါမယ်။"
"M2","Which statement applies? When selecting supplementary materials, a teacher must primarily consider:","The learners' age, level, and needs.","How colorful the paper is.","If it is authentic or not.","ပြင်ပလေ့ကျင့်ခန်းတွေ ရွေးချယ်တဲ့အခါ ကျောင်းသားရဲ့ အသက်အရွယ်၊ လက်ရှိအဆင့် (Level) နဲ့ လိုအပ်ချက်တွေကို အဓိကထား စဉ်းစားရပါမယ်။"
"M2","Identify the resource: When selecting supplementary materials, a teacher must primarily consider:","The learners' age, level, and needs.","How colorful the paper is.","If it is authentic or not.","ပြင်ပလေ့ကျင့်ခန်းတွေ ရွေးချယ်တဲ့အခါ ကျောင်းသားရဲ့ အသက်အရွယ်၊ လက်ရှိအဆင့် (Level) နဲ့ လိုအပ်ချက်တွေကို အဓိကထား စဉ်းစားရပါမယ်။"
"M2","Real objects brought into the classroom (like apples, tickets, or clothes) are called:","Realia","Flashcards","Puppets","စာသင်ခန်းထဲကို ယူဆောင်လာတဲ့ လက်တွေ့ပြင်ပက အရာဝတ္ถုအစစ်တွေကို Realia လို့ခေါ်ပါတယ်။ (အမြင်၊ အတွေ့အထိနဲ့ မှတ်မိစေပါတယ်)"
"M2","To teach the vocabulary for fruit, the teacher brings a real banana, apple, and orange. These are:","Realia","Flashcards","Puppets","စာသင်ခန်းထဲကို ယူဆောင်လာတဲ့ လက်တွေ့ပြင်ပက အရာဝတ္ถုအစစ်တွေကို Realia လို့ခေါ်ပါတယ်။ (အမြင်၊ အတွေ့အထိနဲ့ မှတ်မိစေပါတယ်)"
"M2","Bringing a physical map of London into the class to practice giving directions is an example of:","Realia","Flashcards","Puppets","စာသင်ခန်းထဲကို ယူဆောင်လာတဲ့ လက်တွေ့ပြင်ပက အရာဝတ္ถုအစစ်တွေကို Realia လို့ခေါ်ပါတယ်။ (အမြင်၊ အတွေ့အထိနဲ့ မှတ်မိစေပါတယ်)"
"M2","Why is realia highly effective for teaching beginners and young learners?","It is concrete, tactile, and brings real life into the classroom.","It focuses entirely on grammar analysis.","It teaches them translation.","စာသင်ခန်းထဲကို ယူဆောင်လာတဲ့ လက်တွေ့ပြင်ပက အရာဝတ္ถုအစစ်တွေကို Realia လို့ခေါ်ပါတယ်။ (အမြင်၊ အတွေ့အထိနဲ့ မှတ်မိစေပါတယ်)"
"M2","Which statement applies? The reason is realia highly effective for teaching beginners and young learners?","It is concrete, tactile, and brings real life into the classroom.","It focuses entirely on grammar analysis.","It teaches them translation.","စာသင်ခန်းထဲကို ယူဆောင်လာတဲ့ လက်တွေ့ပြင်ပက အရာဝတ္ถုအစစ်တွေကို Realia လို့ခေါ်ပါတယ်။ (အမြင်၊ အတွေ့အထိနဲ့ မှတ်မိစေပါတယ်)"
"M2","Which concept is this? Why is realia highly effective for teaching beginners and young learners?","It is concrete, tactile, and brings real life into the classroom.","It focuses entirely on grammar analysis.","It teaches them translation.","စာသင်ခန်းထဲကို ယူဆောင်လာတဲ့ လက်တွေ့ပြင်ပက အရာဝတ္ถုအစစ်တွေကို Realia လို့ခေါ်ပါတယ်။ (အမြင်၊ အတွေ့အထိနဲ့ မှတ်မိစေပါတယ်)"
"M2","Cards with pictures or words on them used for quick visual prompts or drills are:","Flashcards","Role-cards","Realia","ဝေါဟာရအသစ်တွေ မိတ်ဆက်ဖို့နဲ့ လျင်မြန်စွာ လေ့ကျင့် (Drill) ဖို့အတွက် ပုံ သို့မဟုတ် စာသားပါတဲ့ ကတ်ပြားလေးတွေကို Flashcards လို့ခေါ်ပါတယ်။"
"M2","A teacher holds up a picture of a cat, the students say 'cat', then the teacher quickly shows a picture of a dog. The teacher is using:","Flashcards","Role-cards","Realia","ဝေါဟာရအသစ်တွေ မိတ်ဆက်ဖို့နဲ့ လျင်မြန်စွာ လေ့ကျင့် (Drill) ဖို့အတွက် ပုံ သို့မဟုတ် စာသားပါတဲ့ ကတ်ပြားလေးတွေကို Flashcards လို့ခေါ်ပါတယ်။"
"M2","To conduct a rapid choral repetition drill for vocabulary, a teacher is most likely to hold up:","Flashcards","Role-cards","Realia","ဝေါဟာရအသစ်တွေ မိတ်ဆက်ဖို့နဲ့ လျင်မြန်စွာ လေ့ကျင့် (Drill) ဖို့အတွက် ပုံ သို့မဟုတ် စာသားပါတဲ့ ကတ်ပြားလေးတွေကို Flashcards လို့ခေါ်ပါတယ်။"
"M2","A teacher uses a hand-puppet in a young learners' class. This is mainly to:","Encourage shy children to interact and speak.","Teach advanced grammar.","Show realia.","ကလေးငယ်တွေ စကားပြောဖို့ ရှက်နေတဲ့အခါ အရုပ် (Puppet) တွေကတစ်ဆင့် ပြောခိုင်းခြင်းက သူတို့ကို ရဲတင်းလာစေပါတယ်။"
"M2","Which statement applies? The teacher uses a hand-puppet in a young learners' class. This is mainly to:","Encourage shy children to interact and speak.","Teach advanced grammar.","Show realia.","ကလေးငယ်တွေ စကားပြောဖို့ ရှက်နေတဲ့အခါ အရုပ် (Puppet) တွေကတစ်ဆင့် ပြောခိုင်းခြင်းက သူတို့ကို ရဲတင်းလာစေပါတယ်။"
"M2","Identify the resource: A teacher uses a hand-puppet in a young learners' class. This is mainly to:","Encourage shy children to interact and speak.","Teach advanced grammar.","Show realia.","ကလေးငယ်တွေ စကားပြောဖို့ ရှက်နေတဲ့အခါ အရုပ် (Puppet) တွေကတစ်ဆင့် ပြောခိုင်းခြင်းက သူတို့ကို ရဲတင်းလာစေပါတယ်။"
"M2","Small pieces of paper giving students a specific character and situation to act out are:","Role-play cards","Word cards","Flashcards","သရုပ်ဆောင်ရမယ့် ဇာတ်ကောင်၊ အခြေအနေနဲ့ အချက်အလက်တွေကို ရေးပေးထားတဲ့ ကတ်ပြားလေးတွေကို Role-play cards လို့ခေါ်ပါတယ်။"
"M2","Giving a student a card that says 'You are a waiter. Ask the customer what they want to eat' is using:","Role-play cards","Word cards","Flashcards","သရုပ်ဆောင်ရမယ့် ဇာတ်ကောင်၊ အခြေအနေနဲ့ အချက်အလက်တွေကို ရေးပေးထားတဲ့ ကတ်ပြားလေးတွေကို Role-play cards လို့ခေါ်ပါတယ်။"
"M2","Identify the resource: Small pieces of paper giving students a specific character and situation to act out are:","Role-play cards","Word cards","Flashcards","သရုပ်ဆောင်ရမယ့် ဇာတ်ကောင်၊ အခြေအနေနဲ့ အချက်အလက်တွေကို ရေးပေးထားတဲ့ ကတ်ပြားလေးတွေကို Role-play cards လို့ခေါ်ပါတယ်။"
"M2","To keep the whiteboard clear and useful, a teacher should:","Divide the board into sections (e.g., vocabulary, grammar, working area).","Write randomly wherever there is space.","Erase everything immediately after writing.","Whiteboard ကို စနစ်တကျသုံးတတ်ဖို့ နေရာခွဲခြား (ဥပမာ - ဝေါဟာရအတွက် သီးသန့်၊ ရှင်းပြဖို့ သီးသန့်) အသုံးပြုသင့်ပါတယ်။"
"M2","Which statement applies? To keep the whiteboard clear and useful, a teacher should:","Divide the board into sections (e.g., vocabulary, grammar, working area).","Write randomly wherever there is space.","Erase everything immediately after writing.","Whiteboard ကို စနစ်တကျသုံးတတ်ဖို့ နေရာခွဲခြား (ဥပမာ - ဝေါဟာရအတွက် သီးသန့်၊ ရှင်းပြဖို့ သီးသန့်) အသုံးပြုသင့်ပါတယ်။"
"M2","Identify the resource: To keep the whiteboard clear and useful, a teacher should:","Divide the board into sections (e.g., vocabulary, grammar, working area).","Write randomly wherever there is space.","Erase everything immediately after writing.","Whiteboard ကို စနစ်တကျသုံးတတ်ဖို့ နေရာခွဲခြား (ဥပမာ - ဝေါဟာရအတွက် သီးသန့်၊ ရှင်းပြဖို့ သီးသန့်) အသုံးပြုသင့်ပါတယ်။"
"M2","A digital board connected to a computer that allows drag-and-drop and multimedia is an:","Interactive Whiteboard (IWB)","Overhead Projector (OHP)","Traditional chalkboard","ကွန်ပျူတာနဲ့ချိတ်ဆက်ပြီး အသံ၊ ရုပ်ပုံ၊ ဗီဒီယိုတွေကို လက်နဲ့ထိတွေ့ အသုံးပြုနိုင်တဲ့ (Touch) သင်ပုန်းကို Interactive Whiteboard (IWB) လို့ခေါ်ပါတယ်။"
"M2","To maximize effectiveness, the primary writing space in the classroom (the board) should be:","Interactive Whiteboard (IWB)","Overhead Projector (OHP)","Traditional chalkboard","ကွန်ပျူတာနဲ့ချိတ်ဆက်ပြီး အသံ၊ ရုပ်ပုံ၊ ဗီဒီယိုတွေကို လက်နဲ့ထိတွေ့ အသုံးပြုနိုင်တဲ့ (Touch) သင်ပုန်းကို Interactive Whiteboard (IWB) လို့ခေါ်ပါတယ်။"
"M2","Identify the resource: A digital board connected to a computer that allows drag-and-drop and multimedia is an:","Interactive Whiteboard (IWB)","Overhead Projector (OHP)","Traditional chalkboard","ကွန်ပျူတာနဲ့ချိတ်ဆက်ပြီး အသံ၊ ရုပ်ပုံ၊ ဗီဒီယိုတွေကို လက်နဲ့ထိတွေ့ အသုံးပြုနိုင်တဲ့ (Touch) သင်ပုန်းကို Interactive Whiteboard (IWB) လို့ခေါ်ပါတယ်။"
"M2","A visual diagram showing past, present, and future used to teach verb tenses is a:","Timeline","Mind map","Phonemic chart","အတိတ်၊ ပစ္စုပ္ပန်၊ အနာဂတ် အချိန်ကာလတွေကို မြင်သာအောင် မျဉ်းကြောင်းဆွဲပြပြီး Tense ကို ရှင်းပြတဲ့ပုံစံကို Timeline လို့ခေါ်ပါတယ်။"
"M2","To show that the Past Perfect happens before the Past Simple, the teacher draws a line with 'X' marks. This is a:","Timeline","Mind map","Phonemic chart","အတိတ်၊ ပစ္စုပ္ပန်၊ အနာဂတ် အချိန်ကာလတွေကို မြင်သာအောင် မျဉ်းကြောင်းဆွဲပြပြီး Tense ကို ရှင်းပြတဲ့ပုံစံကို Timeline လို့ခေါ်ပါတယ်။"
"M2","What visual aid on the whiteboard is best for contrasting the Past Continuous and Past Simple?","Timeline","Mind map","Phonemic chart","အတိတ်၊ ပစ္စုပ္ပန်၊ အနာဂတ် အချိန်ကာလတွေကို မြင်သာအောင် မျဉ်းကြောင်းဆွဲပြပြီး Tense ကို ရှင်းပြတဲ့ပုံစံကို Timeline လို့ခေါ်ပါတယ်။"
"M2","A diagram on the board where a central topic is connected to related words (like branches) is a:","Mind map / Spidergram","Timeline","Substitution table","ခေါင်းစဉ်တစ်ခုကနေ ဆက်စပ်တဲ့ စကားလုံးတွေကို ပင့်ကူအိမ် (သို့) သစ်ကိုင်းဖြာသလို ရေးဆွဲပြီး ဝေါဟာရသင်တဲ့နည်းကို Mind map/Spidergram လို့ခေါ်ပါတယ်။"
"M2","Drawing a circle with the word 'Sports' and linking it to 'Football', 'Tennis', and 'Swimming' is creating a:","Mind map / Spidergram","Timeline","Substitution table","ခေါင်းစဉ်တစ်ခုကနေ ဆက်စပ်တဲ့ စကားလုံးတွေကို ပင့်ကူအိမ် (သို့) သစ်ကိုင်းဖြာသလို ရေးဆွဲပြီး ဝေါဟာရသင်တဲ့နည်းကို Mind map/Spidergram လို့ခေါ်ပါတယ်။"
"M2","What visual tool is best for brainstorming vocabulary related to 'Holidays'?","Mind map / Spidergram","Timeline","Substitution table","ခေါင်းစဉ်တစ်ခုကနေ ဆက်စပ်တဲ့ စကားလုံးတွေကို ပင့်ကူအိမ် (သို့) သစ်ကိုင်းဖြာသလို ရေးဆွဲပြီး ဝေါဟာရသင်တဲ့နည်းကို Mind map/Spidergram လို့ခေါ်ပါတယ်။"
"M2","A poster showing all the distinct sounds of English is the:","Phonemic chart","Alphabet chart","Timeline","အင်္ဂလိပ်စာရဲ့ အသံထွက် သင်္ကေတ (Phonemes) အားလုံးကို ပြသထားတဲ့ ဇယားကွက်ကို Phonemic chart လို့ခေါ်ပါတယ်။"
"M2","A wall poster containing symbols like /ʃ/ and /tʃ/ used for pronunciation correction is the:","Phonemic chart","Alphabet chart","Timeline","အင်္ဂလိပ်စာရဲ့ အသံထွက် သင်္ကေတ (Phonemes) အားလုံးကို ပြသထားတဲ့ ဇယားကွက်ကို Phonemic chart လို့ခေါ်ပါတယ်။"
"M2","When a student mispronounces the /v/ sound as /b/, the teacher can point to the:","Phonemic chart","Alphabet chart","Timeline","အင်္ဂလိပ်စာရဲ့ အသံထွက် သင်္ကေတ (Phonemes) အားလုံးကို ပြသထားတဲ့ ဇယားကွက်ကို Phonemic chart လို့ခေါ်ပါတယ်။"
"M2","A major advantage of using video instead of just audio is that learners can see:","Paralinguistic features (body language, facial expressions).","The exact spelling of every word.","The grammar translation.","ဗီဒီယို (Video) အသုံးပြုခြင်းက အသံအပြင် စကားပြောသူရဲ့ မျက်နှာအမူအရာ၊ ကိုယ်ဟန်အမူအရာ (Paralinguistic features) ကိုပါ မြင်တွေ့နိုင်ပါတယ်။"
"M2","Gestures, facial expressions, and body language seen in videos are known as:","Paralinguistic features (body language, facial expressions).","The exact spelling of every word.","The grammar translation.","ဗီဒီယို (Video) အသုံးပြုခြင်းက အသံအပြင် စကားပြောသူရဲ့ မျက်နှာအမူအရာ၊ ကိုယ်ဟန်အမူအရာ (Paralinguistic features) ကိုပါ မြင်တွေ့နိုင်ပါတယ်။"
"M2","Video is better than audio for showing context because learners can observe:","Paralinguistic features (body language, facial expressions).","The exact spelling of every word.","The grammar translation.","ဗီဒီယို (Video) အသုံးပြုခြင်းက အသံအပြင် စကားပြောသူရဲ့ မျက်နှာအမူအရာ၊ ကိုယ်ဟန်အမူအရာ (Paralinguistic features) ကိုပါ မြင်တွေ့နိုင်ပါတယ်။"
"M2","If a teacher wants students to focus purely on pronunciation and intonation, the best resource is:","Audio recordings (CDs/Podcasts)","Silent videos","Flashcards","အသံထွက် (Pronunciation) နဲ့ လေသံ (Intonation) ကို သီးသန့် အာရုံစိုက်စေချင်ရင် အသံဖိုင် (Audio) သက်သက်ကို သုံးတာ အကောင်းဆုံးပါ။"
"M2","If visual distractions need to be removed to focus entirely on listening to intonation, use:","Audio recordings (CDs/Podcasts)","Silent videos","Flashcards","အသံထွက် (Pronunciation) နဲ့ လေသံ (Intonation) ကို သီးသန့် အာရုံစိုက်စေချင်ရင် အသံဖိုင် (Audio) သက်သက်ကို သုံးတာ အကောင်းဆုံးပါ။"
"M2","Identify the resource: If a teacher wants students to focus purely on pronunciation and intonation, the best resource is:","Audio recordings (CDs/Podcasts)","Silent videos","Flashcards","အသံထွက် (Pronunciation) နဲ့ လေသံ (Intonation) ကို သီးသန့် အာရုံစိုက်စေချင်ရင် အသံဖိုင် (Audio) သက်သက်ကို သုံးတာ အကောင်းဆုံးပါ။"
"M2","Having students watch a video clip with the sound turned off (silent viewing) is useful for:","Predicting what the characters are saying or the situation.","Practicing spelling.","Listening for specific information.","အသံပိတ်ပြီး ဗီဒီယိုပြခြင်း (Silent viewing) ဟာ ဇာတ်လမ်း သို့မဟုတ် စကားပြောတွေကို ကျောင်းသားတွေ ကိုယ်တိုင် မှန်းဆ (Predict) စေဖို့ သုံးပါတယ်။"
"M2","Which statement applies? Having students watch a video clip with the sound turned off (silent viewing) is useful for:","Predicting what the characters are saying or the situation.","Practicing spelling.","Listening for specific information.","အသံပိတ်ပြီး ဗီဒီယိုပြခြင်း (Silent viewing) ဟာ ဇာတ်လမ်း သို့မဟုတ် စကားပြောတွေကို ကျောင်းသားတွေ ကိုယ်တိုင် မှန်းဆ (Predict) စေဖို့ သုံးပါတယ်။"
"M2","Identify the resource: Having students watch a video clip with the sound turned off (silent viewing) is useful for:","Predicting what the characters are saying or the situation.","Practicing spelling.","Listening for specific information.","အသံပိတ်ပြီး ဗီဒီယိုပြခြင်း (Silent viewing) ဟာ ဇာတ်လမ်း သို့မဟုတ် စကားပြောတွေကို ကျောင်းသားတွေ ကိုယ်တိုင် မှန်းဆ (Predict) စေဖို့ သုံးပါတယ်။"
"M2","Using a podcast in the classroom is an example of using:","An audio resource","A visual resource","Realia","Podcast တွေဟာ အင်္ဂလိပ်စာ နားထောင်စွမ်းရည် (Listening) အတွက် ခေတ်မီတဲ့ အသံဖိုင် (Audio resource) တွေဖြစ်ပါတယ်။"
"M2","Which statement applies? Using a podcast in the classroom is an example of using:","An audio resource","A visual resource","Realia","Podcast တွေဟာ အင်္ဂလိပ်စာ နားထောင်စွမ်းရည် (Listening) အတွက် ခေတ်မီတဲ့ အသံဖိုင် (Audio resource) တွေဖြစ်ပါတယ်။"
"M2","Identify the resource: Using a podcast in the classroom is an example of using:","An audio resource","A visual resource","Realia","Podcast တွေဟာ အင်္ဂလိပ်စာ နားထောင်စွမ်းရည် (Listening) အတွက် ခေတ်မီတဲ့ အသံဖိုင် (Audio resource) တွေဖြစ်ပါတယ်။"
"M2","Small wooden blocks of different colors and lengths used to teach grammar or vocabulary are:","Cuisenaire rods","Puppets","Realia","အရောင်နဲ့ အရှည်မတူတဲ့ သစ်သားတုံးလေးတွေကို သုံးပြီး စကားလုံးအစီအစဉ်၊ အသံဖိ/မဖိ (Stress) တွေကို သင်ပြတဲ့ကိရိယာကို Cuisenaire rods လို့ခေါ်ပါတယ်။"
"M2","Small colored wooden sticks used to visually demonstrate word stress or sentence structure are:","Cuisenaire rods","Puppets","Realia","အရောင်နဲ့ အရှည်မတူတဲ့ သစ်သားတုံးလေးတွေကို သုံးပြီး စကားလုံးအစီအစဉ်၊ အသံဖိ/မဖိ (Stress) တွေကို သင်ပြတဲ့ကိရိယာကို Cuisenaire rods လို့ခေါ်ပါတယ်။"
"M2","Using different colored blocks to represent verbs, nouns, and adjectives is a technique using:","Cuisenaire rods","Puppets","Realia","အရောင်နဲ့ အရှည်မတူတဲ့ သစ်သားတုံးလေးတွေကို သုံးပြီး စကားလုံးအစီအစဉ်၊ အသံဖိ/မဖိ (Stress) တွေကို သင်ပြတဲ့ကိရိယာကို Cuisenaire rods လို့ခေါ်ပါတယ်။"
"M2","A room where students can practice listening individually with headphones is a:","Language laboratory","Self-access centre","Staff room","ကျောင်းသားတွေ နားကြပ်တပ်ပြီး အသံဖိုင်တွေကို ကိုယ်ပိုင်အရှိန်နဲ့ လေ့ကျင့်နိုင်တဲ့ အခန်းကို Language laboratory လို့ခေါ်ပါတယ်။"
"M2","A dedicated room with computers/audio headsets for individual speaking and listening practice is a:","Language laboratory","Self-access centre","Staff room","ကျောင်းသားတွေ နားကြပ်တပ်ပြီး အသံဖိုင်တွေကို ကိုယ်ပိုင်အရှိန်နဲ့ လေ့ကျင့်နိုင်တဲ့ အခန်းကို Language laboratory လို့ခေါ်ပါတယ်။"
"M2","Identify the resource: A room where students can practice listening individually with headphones is a:","Language laboratory","Self-access centre","Staff room","ကျောင်းသားတွေ နားကြပ်တပ်ပြီး အသံဖိုင်တွေကို ကိုယ်ပိုင်အရှိန်နဲ့ လေ့ကျင့်နိုင်တဲ့ အခန်းကို Language laboratory လို့ခေါ်ပါတယ်။"
"M2","An area with books, computers, and resources where students study on their own is a:","Self-access centre","Language laboratory","Classroom","ကျောင်းသားတွေ ကိုယ့်ဘာသာ လွတ်လပ်စွာ လေ့လာနိုင်ဖို့ စာအုပ်တွေ၊ ကွန်ပျူတာတွေ စုဆောင်းပေးထားတဲ့နေရာကို Self-access centre လို့ခေါ်ပါတယ်။"
"M2","A library-like space where learners can borrow books and audio to study independently is a:","Self-access centre","Language laboratory","Classroom","ကျောင်းသားတွေ ကိုယ့်ဘာသာ လွတ်လပ်စွာ လေ့လာနိုင်ဖို့ စာအုပ်တွေ၊ ကွန်ပျူတာတွေ စုဆောင်းပေးထားတဲ့နေရာကို Self-access centre လို့ခေါ်ပါတယ်။"
"M2","Identify the resource: An area with books, computers, and resources where students study on their own is a:","Self-access centre","Language laboratory","Classroom","ကျောင်းသားတွေ ကိုယ့်ဘာသာ လွတ်လပ်စွာ လေ့လာနိုင်ဖို့ စာအုပ်တွေ၊ ကွန်ပျူတာတွေ စုဆောင်းပေးထားတဲ့နေရာကို Self-access centre လို့ခေါ်ပါတယ်။"
"M2","Cards that feature individual words used for sentence building or matching games are:","Word cards","Realia","Authentic materials","စာကြောင်းတွေ တွဲဆက်ဖို့ သို့မဟုတ် ပုံတွေနဲ့ တွဲဖို့ စကားလုံး တစ်လုံးချင်းစီ ရေးထားတဲ့ ကတ်ပြားတွေကို Word cards လို့ခေါ်ပါတယ်။"
"M2","Giving students envelopes filled with cut-up words to arrange into a correct sentence uses:","Word cards","Realia","Authentic materials","စာကြောင်းတွေ တွဲဆက်ဖို့ သို့မဟုတ် ပုံတွေနဲ့ တွဲဖို့ စကားလုံး တစ်လုံးချင်းစီ ရေးထားတဲ့ ကတ်ပြားတွေကို Word cards လို့ခေါ်ပါတယ်။"
"M2","Identify the resource: Cards that feature individual words used for sentence building or matching games are:","Word cards","Realia","Authentic materials","စာကြောင်းတွေ တွဲဆက်ဖို့ သို့မဟုတ် ပုံတွေနဲ့ တွဲဖို့ စကားလုံး တစ်လုံးချင်းစီ ရေးထားတဲ့ ကတ်ပြားတွေကို Word cards လို့ခေါ်ပါတယ်။"
"M2","Using a physical dice and counters in class is typically for:","Communicative board games","Grammar-translation","Phonology drilling","အန်စာတုံး (Dice) နဲ့ နံပါတ်ပြား/အရုပ် (Counters) တွေကို သုံးတာဟာ စကားပြောလေ့ကျင့်တဲ့ Board games တွေမှာ ဖြစ်ပါတယ်။"
"M2","Which statement applies? Using a physical dice and counters in class is typically for:","Communicative board games","Grammar-translation","Phonology drilling","အန်စာတုံး (Dice) နဲ့ နံပါတ်ပြား/အရုပ် (Counters) တွေကို သုံးတာဟာ စကားပြောလေ့ကျင့်တဲ့ Board games တွေမှာ ဖြစ်ပါတယ်။"
"M2","Identify the resource: Using a physical dice and counters in class is typically for:","Communicative board games","Grammar-translation","Phonology drilling","အန်စာတုံး (Dice) နဲ့ နံပါတ်ပြား/အရုပ် (Counters) တွေကို သုံးတာဟာ စကားပြောလေ့ကျင့်တဲ့ Board games တွေမှာ ဖြစ်ပါတယ်။"
"M2","Teaching students how to find the stressed syllable of a word in a dictionary is an example of:","Dictionary skills training","Grammar practice","Extensive reading","အဘိဓာန်ကို ဘယ်လိုထိရောက်စွာ သုံးရမလဲ (ဥပမာ - အသံထွက်၊ Word class ရှာနည်း) ကို သင်ပေးတာဟာ Dictionary skills ပါ။"
"M2","Training students to look up words alphabetically and find the part of speech is called teaching:","Dictionary skills training","Grammar practice","Extensive reading","အဘိဓာန်ကို ဘယ်လိုထိရောက်စွာ သုံးရမလဲ (ဥပမာ - အသံထွက်၊ Word class ရှာနည်း) ကို သင်ပေးတာဟာ Dictionary skills ပါ။"
"M2","Identify the resource: Teaching students how to find the stressed syllable of a word in a dictionary is an example of:","Dictionary skills training","Grammar practice","Extensive reading","အဘိဓာန်ကို ဘယ်လိုထိရောက်စွာ သုံးရမလဲ (ဥပမာ - အသံထွက်၊ Word class ရှာနည်း) ကို သင်ပေးတာဟာ Dictionary skills ပါ။"
"M2","What does a phonemic transcription in a dictionary tell the learner?","How to pronounce the word correctly.","What the word translates to in their L1.","How to use the word in a sentence.","အဘိဓာန်ထဲက အသံထွက်သင်္ကေတ (Phonemic transcription) တွေဟာ စကားလုံးကို မှန်ကန်စွာ အသံထွက်တတ်ဖို့ ကူညီပေးပါတယ်။"
"M2","Which statement applies? The thing does a phonemic transcription in a dictionary tell the learner?","How to pronounce the word correctly.","What the word translates to in their L1.","How to use the word in a sentence.","အဘိဓာန်ထဲက အသံထွက်သင်္ကေတ (Phonemic transcription) တွေဟာ စကားလုံးကို မှန်ကန်စွာ အသံထွက်တတ်ဖို့ ကူညီပေးပါတယ်။"
"M2","Which concept is this? What does a phonemic transcription in a dictionary tell the learner?","How to pronounce the word correctly.","What the word translates to in their L1.","How to use the word in a sentence.","အဘိဓာန်ထဲက အသံထွက်သင်္ကေတ (Phonemic transcription) တွေဟာ စကားလုံးကို မှန်ကန်စွာ အသံထွက်တတ်ဖို့ ကူညီပေးပါတယ်။"
"M2","Which symbol in a dictionary usually indicates the primary stress in a word?","An apostrophe-like mark (') before the stressed syllable.","A comma (,)","A question mark (?)","အဘိဓာန်တွေမှာ အသံဖိရွတ်ရမယ့် အပိုင်း (Stressed syllable) ရဲ့ ရှေ့မှာ မျဉ်းတိုလေး (') ကို ပြသလေ့ရှိပါတယ်။"
"M2","Which statement applies? Which symbol in a dictionary usually indicates the primary stress in a word?","An apostrophe-like mark (') before the stressed syllable.","A comma (,)","A question mark (?)","အဘိဓာန်တွေမှာ အသံဖိရွတ်ရမယ့် အပိုင်း (Stressed syllable) ရဲ့ ရှေ့မှာ မျဉ်းတိုလေး (') ကို ပြသလေ့ရှိပါတယ်။"
"M2","Which concept is this? Which symbol in a dictionary usually indicates the primary stress in a word?","An apostrophe-like mark (') before the stressed syllable.","A comma (,)","A question mark (?)","အဘိဓာန်တွေမှာ အသံဖိရွတ်ရမယ့် အပိုင်း (Stressed syllable) ရဲ့ ရှေ့မှာ မျဉ်းတိုလေး (') ကို ပြသလေ့ရှိပါတယ်။"
"M2","Why should learners be encouraged to use learner dictionaries rather than standard native dictionaries?","Learner dictionaries use simpler defining vocabulary and provide examples.","Standard dictionaries are always wrong.","Learner dictionaries have no grammar information.","Learner dictionaries တွေက အဓိပ္ပာယ်ကို ရှင်းပြတဲ့အခါ လွယ်ကူတဲ့စကားလုံးတွေ သုံးထားပြီး ဥပမာစာကြောင်းတွေ ထည့်ပေးထားလို့ပါ။"
"M2","Dictionaries specifically designed for ESL students with clear, restricted defining vocabulary are:","Learner dictionaries use simpler defining vocabulary and provide examples.","Standard dictionaries are always wrong.","Learner dictionaries have no grammar information.","Learner dictionaries တွေက အဓိပ္ပာယ်ကို ရှင်းပြတဲ့အခါ လွယ်ကူတဲ့စကားလုံးတွေ သုံးထားပြီး ဥပမာစာကြောင်းတွေ ထည့်ပေးထားလို့ပါ။"
"M2","Which concept is this? Why should learners be encouraged to use learner dictionaries rather than standard native dictionaries?","Learner dictionaries use simpler defining vocabulary and provide examples.","Standard dictionaries are always wrong.","Learner dictionaries have no grammar information.","Learner dictionaries တွေက အဓိပ္ပာယ်ကို ရှင်းပြတဲ့အခါ လွယ်ကူတဲ့စကားလုံးတွေ သုံးထားပြီး ဥပမာစာကြောင်းတွေ ထည့်ပေးထားလို့ပါ။"
"M2","A major advantage of using a coursebook is that it:","Provides a structured syllabus and logical progression.","Is always perfectly suited to every student.","Prevents the teacher from planning.","ပြဋ္ဌာန်းစာအုပ် (Coursebook) သုံးခြင်းရဲ့ အဓိကအားသာချက်က အလွယ်ကနေ အခက်ကို စနစ်တကျ စီစဉ်ထားတဲ့ သင်ရိုးညွှန်းတမ်း ပါရှိခြင်းဖြစ်ပါတယ်။"
"M2","One reason teachers like coursebooks is because they offer a clear:","Provides a structured syllabus and logical progression.","Is always perfectly suited to every student.","Prevents the teacher from planning.","ပြဋ္ဌာန်းစာအုပ် (Coursebook) သုံးခြင်းရဲ့ အဓိကအားသာချက်က အလွယ်ကနေ အခက်ကို စနစ်တကျ စီစဉ်ထားတဲ့ သင်ရိုးညွှန်းတမ်း ပါရှိခြင်းဖြစ်ပါတယ်။"
"M2","Identify the resource: A major advantage of using a coursebook is that it:","Provides a structured syllabus and logical progression.","Is always perfectly suited to every student.","Prevents the teacher from planning.","ပြဋ္ဌာန်းစာအုပ် (Coursebook) သုံးခြင်းရဲ့ အဓိကအားသာချက်က အလွယ်ကနေ အခက်ကို စနစ်တကျ စီစဉ်ထားတဲ့ သင်ရိုးညွှန်းတမ်း ပါရှိခြင်းဖြစ်ပါတယ်။"
"M2","A disadvantage of strictly following a coursebook is that:","The topics might not be interesting or relevant to a specific group of learners.","It contains too much grammar.","It is too colorful.","ပြဋ္ဌာန်းစာအုပ်ထဲက ခေါင်းစဉ် (Topics) တွေဟာ ကိုယ့်ကျောင်းသားတွေရဲ့ စိတ်ဝင်စားမှုနဲ့ ကိုက်ညီချင်မှ ကိုက်ညီမှာ ဖြစ်ပါတယ်။"
"M2","Which statement applies? The disadvantage of strictly following a coursebook is that:","The topics might not be interesting or relevant to a specific group of learners.","It contains too much grammar.","It is too colorful.","ပြဋ္ဌာန်းစာအုပ်ထဲက ခေါင်းစဉ် (Topics) တွေဟာ ကိုယ့်ကျောင်းသားတွေရဲ့ စိတ်ဝင်စားမှုနဲ့ ကိုက်ညီချင်မှ ကိုက်ညီမှာ ဖြစ်ပါတယ်။"
"M2","Identify the resource: A disadvantage of strictly following a coursebook is that:","The topics might not be interesting or relevant to a specific group of learners.","It contains too much grammar.","It is too colorful.","ပြဋ္ဌာန်းစာအုပ်ထဲက ခေါင်းစဉ် (Topics) တွေဟာ ကိုယ့်ကျောင်းသားတွေရဲ့ စိတ်ဝင်စားမှုနဲ့ ကိုက်ညီချင်မှ ကိုက်ညီမှာ ဖြစ်ပါတယ်။"
"M2","Evaluating materials based on 'Cultural Appropriacy' means checking if they:","Are respectful and suitable for the learners' culture.","Are expensive.","Have a lot of authentic pictures.","သင်ခန်းစာထဲက အကြောင်းအရာတွေဟာ ကျောင်းသားတွေရဲ့ ယဉ်ကျေးမှု၊ ဘာသာရေးနဲ့ ကိုက်ညီမှုရှိ/မရှိ (Cultural Appropriacy) ကို စစ်ဆေးရပါမယ်။"
"M2","Which statement applies? Evaluating materials based on 'Cultural Theppropriacy' means checking if they:","Are respectful and suitable for the learners' culture.","Are expensive.","Have a lot of authentic pictures.","သင်ခန်းစာထဲက အကြောင်းအရာတွေဟာ ကျောင်းသားတွေရဲ့ ယဉ်ကျေးမှု၊ ဘာသာရေးနဲ့ ကိုက်ညီမှုရှိ/မရှိ (Cultural Appropriacy) ကို စစ်ဆေးရပါမယ်။"
"M2","Identify the resource: Evaluating materials based on 'Cultural Appropriacy' means checking if they:","Are respectful and suitable for the learners' culture.","Are expensive.","Have a lot of authentic pictures.","သင်ခန်းစာထဲက အကြောင်းအရာတွေဟာ ကျောင်းသားတွေရဲ့ ယဉ်ကျေးမှု၊ ဘာသာရေးနဲ့ ကိုက်ညီမှုရှိ/မရှိ (Cultural Appropriacy) ကို စစ်ဆေးရပါမယ်။"
"M2","Evaluating materials by looking at how visually appealing and professionally designed they are is checking:","Face validity / Presentation","Cultural appropriacy","Structural progression","စာအုပ်ရဲ့ ဒီဇိုင်း၊ ရုပ်ပုံနဲ့ အရည်အသွေး ကြည့်ကောင်းသလား ဆိုတာဟာ ကျောင်းသားတွေကို ဆွဲဆောင်နိုင်ဖို့ (Face validity) အရေးကြီးပါတယ်။"
"M2","If a book looks engaging, has good pictures, and feels professional, it has high:","Face validity / Presentation","Cultural appropriacy","Structural progression","စာအုပ်ရဲ့ ဒီဇိုင်း၊ ရုပ်ပုံနဲ့ အရည်အသွေး ကြည့်ကောင်းသလား ဆိုတာဟာ ကျောင်းသားတွေကို ဆွဲဆောင်နိုင်ဖို့ (Face validity) အရေးကြီးပါတယ်။"
"M2","Identify the resource: Evaluating materials by looking at how visually appealing and professionally designed they are is checking:","Face validity / Presentation","Cultural appropriacy","Structural progression","စာအုပ်ရဲ့ ဒီဇိုင်း၊ ရုပ်ပုံနဲ့ အရည်အသွေး ကြည့်ကောင်းသလား ဆိုတာဟာ ကျောင်းသားတွေကို ဆွဲဆောင်နိုင်ဖို့ (Face validity) အရေးကြီးပါတယ်။"
"M2","If a reading text has very dense paragraphs and no pictures, it lacks:","Visual support / White space","Realia","Authentic language","စာဖတ်ရလွယ်ကူအောင် ကွက်လပ် (White space) တွေ၊ ရုပ်ပုံ (Visual support) တွေ ပါဝင်ဖို့ လိုအပ်ပါတယ်။"
"M2","A text that is too crowded and hard to read needs more visual support and:","Visual support / White space","Realia","Authentic language","စာဖတ်ရလွယ်ကူအောင် ကွက်လပ် (White space) တွေ၊ ရုပ်ပုံ (Visual support) တွေ ပါဝင်ဖို့ လိုအပ်ပါတယ်။"
"M2","Identify the resource: If a reading text has very dense paragraphs and no pictures, it lacks:","Visual support / White space","Realia","Authentic language","စာဖတ်ရလွယ်ကူအောင် ကွက်လပ် (White space) တွေ၊ ရုပ်ပုံ (Visual support) တွေ ပါဝင်ဖို့ လိုအပ်ပါတယ်။"
"M2","Using a mobile phone app (like Kahoot or Quizlet) in the classroom is a way to:","Increase engagement through digital gamification.","Practice spelling only.","Omit the coursebook.","ခေတ်မီ Application တွေ သုံးခြင်းက ကျောင်းသားတွေကို ပျော်ရွှင်စွာ အင်္ဂလိပ်စာ သင်ယူချင်စိတ် (Engagement) မြင့်တက်စေပါတယ်။"
"M2","Which statement applies? Using a mobile phone app (like Kahoot or Quizlet) in the classroom is a way to:","Increase engagement through digital gamification.","Practice spelling only.","Omit the coursebook.","ခေတ်မီ Application တွေ သုံးခြင်းက ကျောင်းသားတွေကို ပျော်ရွှင်စွာ အင်္ဂလိပ်စာ သင်ယူချင်စိတ် (Engagement) မြင့်တက်စေပါတယ်။"
"M2","Identify the resource: Using a mobile phone app (like Kahoot or Quizlet) in the classroom is a way to:","Increase engagement through digital gamification.","Practice spelling only.","Omit the coursebook.","ခေတ်မီ Application တွေ သုံးခြင်းက ကျောင်းသားတွေကို ပျော်ရွှင်စွာ အင်္ဂလိပ်စာ သင်ယူချင်စိတ် (Engagement) မြင့်တက်စေပါတယ်။"
"M2","If a teacher wants to find out if the word 'research' is mostly used as a verb or a noun in academic writing, they should consult a:","Corpus","Bilingual dictionary","Graded reader","လူတွေတကယ်သုံးနေတဲ့ စာသား/စကားပြောတွေကို ကွန်ပျူတာနဲ့ စုဆောင်းထားပြီး ဘယ်စကားလုံးတွေ တွဲသုံးလေ့ရှိလဲ (Collocation) ကို ရှာကြည့်နိုင်တဲ့ စနစ်ကို Corpus လို့ခေါ်ပါတယ်။"
"M2","A teacher uses a song by a famous pop singer in class to practice listening. The song is an example of:","Authentic material","Supplementary grammar","Realia","ဘာသာစကားသင်ဖို့ ရည်ရွယ်ထုတ်ထားတာမဟုတ်ဘဲ လက်တွေ့ဘဝမှာ တကယ်သုံးဖို့ထုတ်ထားတဲ့ အရာတွေ (ဥပမာ - သီချင်း) ကို Authentic materials လို့ခေါ်ပါတယ်။"
"M2","When a teacher gives students the transcript of a listening track but removes the prepositions, they have created a:","Gap-fill using a tapescript","Corpus","Phonemic chart","နားထောင်ရတဲ့ အသံဖိုင် (Audio) ထဲက စကားပြောတွေကို စာသားအနေနဲ့ အတိအကျ ပြန်ရေးထားတာကို Tapescripts လို့ခေါ်ပါတယ်။ ၎င်းကို လေ့ကျင့်ခန်းအဖြစ် ပြောင်းလဲသုံးနိုင်ပါတယ်။"
"M2","A teacher finds the coursebook reading text boring. They find a similar article online and use it instead. This is:","Replacing","Omitting","Simplifying","ပြဋ္ဌာန်းစာအုပ်ပါ အကြောင်းအရာအစား သင့်လျော်တဲ့ တခြားအကြောင်းအရာနဲ့ အစားထိုးတာကို Replacing လို့ခေါ်ပါတယ်။"
"M2","To help visual learners understand the flow of a story, the teacher draws a series of pictures on the board. This is a:","Visual aid","Realia","Flashcard","သင်ခန်းစာကို ပိုမိုနားလည်လွယ်စေဖို့ သင်ပုန်းပေါ်မှာ ပုံဆွဲပြတာဟာ Visual aid အသုံးပြုခြင်းဖြစ်ပါတယ်။"
"M2","Using a physical object like a toy car to teach the word 'car' is better than translation because it:","Provides a direct link between the object and the English word.","Teaches spelling.","Is a form of extensive reading.","စာသင်ခန်းထဲကို ယူဆောင်လာတဲ့ လက်တွေ့ပြင်ပက အရာဝတ္ถုအစစ်တွေကို Realia လို့ခေါ်ပါတယ်။ (အမြင်၊ အတွေ့အထိနဲ့ မှတ်မိစေပါတယ်)"
"M2","If a teacher writes vocabulary on the left side of the board and grammar on the right, they are:","Organizing the board space effectively.","Using a mind map.","Using a timeline.","Whiteboard ကို စနစ်တကျသုံးတတ်ဖို့ နေရာခွဲခြား (ဥပမာ - ဝေါဟာရအတွက် သီးသန့်၊ ရှင်းပြဖို့ သီးသန့်) အသုံးပြုသင့်ပါတယ်။"
"M2","A teacher asks students to look at a picture of a busy street and list all the nouns they see. The picture acts as a:","Visual prompt","Realia","Corpus","ပုံကိုကြည့်ပြီး စကားလုံးတွေ စဉ်းစားခိုင်းတာဟာ Visual prompt အသုံးပြုခြင်းဖြစ်ပါတယ်။"
"M2","Recording students while they do a speaking task and playing it back for them is a good way to:","Raise awareness of their own pronunciation and errors.","Make them angry.","Test their reading skills.","အသံဖမ်းစက်သုံးပြီး ကိုယ့်စကားပြောကို ပြန်နားထောင်ခိုင်းတာဟာ အမှားကို ကိုယ်တိုင်သိမြင်စေတဲ့ နည်းလမ်းကောင်းတစ်ခုပါ။"
"M2","A major benefit of Cuisenaire rods is that they:","Provide a physical, visual representation of abstract grammar structures.","Are very heavy.","Can only be used for teaching colors.","အရောင်နဲ့ အရှည်မတူတဲ့ သစ်သားတုံးလေးတွေကို သုံးပြီး စကားလုံးအစီအစဉ်၊ အသံဖိ/မဖိ (Stress) တွေကို သင်ပြတဲ့ကိရိယာကို Cuisenaire rods လို့ခေါ်ပါတယ်။"
"M2","A teacher wants students to work independently on their weakest skills. The best place to send them is the:","Self-access centre","Staff room","Playground","ကျောင်းသားတွေ ကိုယ့်ဘာသာ လွတ်လပ်စွာ လေ့လာနိုင်ဖို့ စာအုပ်တွေ၊ ကွန်ပျူတာတွေ စုဆောင်းပေးထားတဲ့နေရာကို Self-access centre လို့ခေါ်ပါတယ်။"
"M2","When looking up the word 'record', the dictionary shows it has two different stress patterns depending on whether it is a noun or a verb. This information is found in the:","Phonemic transcription / Pronunciation guide","Definition","Translation","အဘိဓာန်ထဲက အသံထွက်သင်္ကေတ (Phonemic transcription) တွေဟာ စကားလုံးကို မှန်ကန်စွာ အသံထွက်တတ်ဖို့ ကူညီပေးပါတယ်။"
"M2","A teacher evaluates a new textbook and notices all the pictures show only people from one specific country. The book might lack:","Cultural inclusivity / Appropriacy","White space","Grammar rules","သင်ခန်းစာထဲက အကြောင်းအရာတွေဟာ ကျောင်းသားတွေရဲ့ ယဉ်ကျေးမှု၊ ဘာသာရေးနဲ့ ကိုက်ညီမှုရှိ/မရှိ (Cultural Appropriacy) ကို စစ်ဆေးရပါမယ်။"
"M2","If a coursebook unit takes 4 hours to complete, but the teacher only has 2 hours, they must actively:","Adapt, omit, and prioritize the materials.","Speak twice as fast.","Give the rest as homework without explanation.","အချိန်မလောက်တဲ့အခါ ပြဋ္ဌာန်းစာအုပ်ပါ လေ့ကျင့်ခန်းအချို့ကို ချန်လှပ် (Omit) ထားခဲ့တာ၊ ပြင်ဆင်တာ (Adapt) တွေ လုပ်ရပါမယ်။"
"M2","An overhead projector (OHP) or digital projector is most useful when:","The teacher wants to show a text or image to the whole class at the same time.","The teacher wants to practice individual reading.","The students are doing a role-play.","စာသင်ခန်းတစ်ခုလုံး တစ်ပြိုင်နက်တည်း ကြည့်ရှုနိုင်ဖို့ ပရိုဂျက်တာ (Projector) ကို အသုံးပြုပါတယ်။"
